{"indexes":[{"v":{"$numberInt":"2"},"key":{"_id":{"$numberInt":"1"}},"name":"_id_"},{"v":{"$numberInt":"2"},"key":{"id":{"$numberInt":"1"}},"name":"id_1","background":true,"unique":true},{"v":{"$numberInt":"2"},"key":{"_fts":"text","_ftsx":{"$numberInt":"1"}},"name":"name_text","background":true,"weights":{"name":{"$numberInt":"1"}},"default_language":"english","language_override":"language","textIndexVersion":{"$numberInt":"3"}},{"v":{"$numberInt":"2"},"key":{"location":"2dsphere"},"name":"location_2dsphere","background":true,"2dsphereIndexVersion":{"$numberInt":"3"}}],"uuid":"dfe605b3120542018d7db2663c279ffb","collectionName":"cities","type":"collection"}